{
  "config_list": [
    {
      "camera_type": "FISHEYE",
      "fov": 196.0,
      "resolution": [ 1620, 1280 ],
      "position": [ 3.668, 0.004, 0.493379 ],
      "rotation": [ 0.9998209, -0.0174987, 0.0071999,
                    0.0175149,  0.9998442, -0.0021999,
                    -0.0071603,  0.0023257,  0.9999717 ],
      "intrinsic_matrix": [ 1.002, 0.0, 807.979,
                            0.0, 1.0, 633.598,
                            0.0, 0.0, 1.0 ],
      "distortion_vector": [ 464.257, 31.814, -52.533, 70.946, -25.103, -1.897 ],
      "image_mask": ""

    },
    {
      "camera_type": "FISHEYE",
      "fov": 196.0,
      "resolution": [ 1620, 1280 ],
      "position": [ -1.0397, 0.000399, 0.77957 ],
      "rotation": [ -0.9121044, -0.0024560,  0.4099507,
                    -0.0018989, -0.9999460, -0.0102154,
                    0.4099537, -0.0100959,  0.9120505 ],
      "intrinsic_matrix": [ 1.002, 0.0, 809.673,
                            0.0, 1.0, 638.023,
                            0.0, 0.0, 1.0 ],
      "distortion_vector": [ 464.930, 24.107, -31.841, 46.500, -12.0334, -4.472 ],
      "image_mask": ""
    },
    {
      "camera_type": "FISHEYE",
      "fov": 196.0,
      "resolution": [ 1620, 1280 ],
      "position": [ 2.054142, 1.013611, 0.9134994 ],
      "rotation": [ -0.0214739, -0.7131175,  0.7007156,
                    0.9983444, -0.0527024, -0.0230401,
                    0.0533597,  0.6990607,  0.7130686 ],
      "intrinsic_matrix": [ 1.002, 0.0, 809.542,
                            0.0, 1.0, 635.723,
                            0.0, 0.0, 1.0 ],
      "distortion_vector": [ 463.365, 26.870, -34.570, 48.305, -12.745, -4.350 ],
      "image_mask": ""
    },
    {
      "camera_type": "FISHEYE",
      "fov": 196.0,
      "resolution": [ 1620, 1280 ],
      "position": [ 2.019, -1.003708, 0.9124298 ],
      "rotation": [ -0.1776261,  0.6822369,  0.7092262,
                    -0.9591839, -0.2811620,  0.0302344,
                    0.2200345, -0.6749080,  0.7043324 ],
      "intrinsic_matrix": [ 1.002, 0.0, 807.824,
                            0.0, 1.0, 639.459,
                            0.0, 0.0, 1.0 ],
      "distortion_vector": [ 465.899, 22.637, -29.565, 45.686, -12.353, -4.282 ],
      "image_mask": ""
    }
  ]
}
